Price,Close,High,Low,Open,Volume
Ticker,TNXP,TNXP,TNXP,TNXP,TNXP
Date,,,,,
2020-01-02,812800.0,832000.0,742400.0,761600.0,2
2020-01-03,806400.0,838400.0,768000.0,768000.0,1
2020-01-06,992000.0,1011200.0,806400.0,812800.0,3
2020-01-07,1043200.0,1395200.0,985600.0,1139200.0,22
2020-01-08,1056000.0,1062400.0,966400.0,1024000.0,2
2020-01-09,1036800.0,1056000.0,992000.0,1024000.0,1
2020-01-10,1011200.0,1113600.0,1011200.0,1081600.0,1
2020-01-13,928000.0,1049600.0,902400.0,1017600.0,1
2020-01-14,953600.0,1030400.0,908800.0,1030400.0,1
2020-01-15,889600.0,947200.0,857600.0,928000.0,1
2020-01-16,1011200.0,1017600.0,889600.0,889600.0,1
2020-01-17,992000.0,1017600.0,940800.0,960000.0,1
2020-01-21,915200.0,921600.0,851200.0,864000.0,1
2020-01-22,838400.0,902400.0,838400.0,889600.0,1
2020-01-23,889600.0,915200.0,864000.0,896000.0,1
2020-01-24,1043200.0,1267200.0,972800.0,1164800.0,24
2020-01-27,1049600.0,1068800.0,921600.0,953600.0,2
2020-01-28,972800.0,1068800.0,953600.0,1068800.0,1
2020-01-29,876800.0,972800.0,876800.0,972800.0,1
2020-01-30,844800.0,896000.0,832000.0,883200.0,1
2020-01-31,896000.0,915200.0,800000.0,819200.0,1
2020-02-03,889600.0,921600.0,870400.0,889600.0,0
2020-02-04,1043200.0,1043200.0,889600.0,889600.0,2
2020-02-05,1088000.0,1145600.0,992000.0,1036800.0,3
2020-02-06,556800.0,710400.0,448000.0,448000.0,8
2020-02-07,339200.0,377600.0,332800.0,339200.0,16
2020-02-10,320000.0,339200.0,307200.0,339200.0,3
2020-02-11,300800.0,320000.0,288000.0,313600.0,3
2020-02-12,300800.0,307200.0,294400.0,300800.0,1
2020-02-13,300800.0,313600.0,288000.0,300800.0,2
2020-02-14,281600.0,307200.0,275200.0,307200.0,4
2020-02-18,275200.0,281600.0,262400.0,281600.0,2
2020-02-19,268800.0,281600.0,262400.0,281600.0,1
2020-02-20,288000.0,300800.0,268800.0,275200.0,2
2020-02-21,275200.0,294400.0,268800.0,294400.0,2
2020-02-24,275200.0,275200.0,256000.0,268800.0,2
2020-02-25,256000.0,281600.0,249600.0,275200.0,2
2020-02-26,576000.0,787200.0,480000.0,537600.0,258
2020-02-27,1107200.0,1267200.0,832000.0,1248000.0,141
2020-02-28,691200.0,928000.0,652800.0,908800.0,60
2020-03-02,870400.0,896000.0,768000.0,838400.0,36
2020-03-03,748800.0,793600.0,723200.0,768000.0,14
2020-03-04,678400.0,736000.0,646400.0,729600.0,15
2020-03-05,729600.0,748800.0,672000.0,729600.0,15
2020-03-06,659200.0,716800.0,633600.0,710400.0,15
2020-03-09,633600.0,723200.0,588800.0,723200.0,15
2020-03-10,544000.0,601600.0,435200.0,601600.0,16
2020-03-11,531200.0,544000.0,467200.0,499200.0,8
2020-03-12,486400.0,499200.0,422400.0,480000.0,8
2020-03-13,409600.0,460800.0,396800.0,448000.0,5
2020-03-16,339200.0,384000.0,320000.0,371200.0,5
2020-03-17,371200.0,454400.0,352000.0,371200.0,5
2020-03-18,339200.0,416000.0,332800.0,384000.0,5
2020-03-19,364800.0,371200.0,339200.0,371200.0,4
2020-03-20,620800.0,832000.0,556800.0,704000.0,129
2020-03-23,544000.0,601600.0,454400.0,601600.0,22
2020-03-24,633600.0,672000.0,499200.0,537600.0,18
2020-03-25,473600.0,608000.0,460800.0,588800.0,18
2020-03-26,460800.0,486400.0,428800.0,448000.0,6
2020-03-27,467200.0,473600.0,416000.0,467200.0,4
2020-03-30,435200.0,473600.0,428800.0,467200.0,5
2020-03-31,454400.0,467200.0,416000.0,428800.0,4
2020-04-01,416000.0,448000.0,396800.0,435200.0,3
2020-04-02,435200.0,454400.0,409600.0,409600.0,3
2020-04-03,441600.0,480000.0,416000.0,435200.0,8
2020-04-06,467200.0,473600.0,428800.0,448000.0,3
2020-04-07,448000.0,473600.0,441600.0,460800.0,3
2020-04-08,448000.0,460800.0,435200.0,435200.0,3
2020-04-09,460800.0,480000.0,428800.0,441600.0,4
2020-04-13,492800.0,512000.0,448000.0,473600.0,5
2020-04-14,512000.0,531200.0,480000.0,499200.0,4
2020-04-15,492800.0,505600.0,473600.0,499200.0,3
2020-04-16,480000.0,499200.0,473600.0,480000.0,2
2020-04-17,473600.0,480000.0,467200.0,473600.0,2
2020-04-20,499200.0,512000.0,467200.0,480000.0,5
2020-04-21,486400.0,518400.0,467200.0,499200.0,4
2020-04-22,448000.0,486400.0,416000.0,480000.0,4
2020-04-23,435200.0,454400.0,422400.0,441600.0,3
2020-04-24,441600.0,460800.0,435200.0,435200.0,3
2020-04-27,460800.0,460800.0,435200.0,441600.0,2
2020-04-28,441600.0,460800.0,384000.0,460800.0,4
2020-04-29,454400.0,454400.0,428800.0,441600.0,2
2020-04-30,428800.0,448000.0,403200.0,448000.0,4
2020-05-01,448000.0,454400.0,422400.0,454400.0,4
2020-05-04,492800.0,524800.0,422400.0,448000.0,16
2020-05-05,460800.0,492800.0,448000.0,492800.0,5
2020-05-06,448000.0,460800.0,441600.0,454400.0,2
2020-05-07,454400.0,537600.0,441600.0,518400.0,30
2020-05-08,460800.0,467200.0,428800.0,448000.0,6
2020-05-11,454400.0,460800.0,441600.0,448000.0,4
2020-05-12,448000.0,467200.0,441600.0,460800.0,6
2020-05-13,441600.0,460800.0,428800.0,454400.0,5
2020-05-14,441600.0,448000.0,428800.0,435200.0,3
2020-05-15,441600.0,467200.0,428800.0,435200.0,5
2020-05-18,467200.0,512000.0,448000.0,467200.0,25
2020-05-19,448000.0,512000.0,441600.0,499200.0,23
2020-05-20,448000.0,460800.0,435200.0,454400.0,9
2020-05-21,448000.0,460800.0,441600.0,460800.0,7
2020-05-22,441600.0,448000.0,435200.0,448000.0,6
2020-05-26,435200.0,448000.0,435200.0,448000.0,6
2020-05-27,422400.0,435200.0,409600.0,435200.0,6
2020-05-28,435200.0,441600.0,409600.0,416000.0,8
2020-05-29,416000.0,460800.0,409600.0,422400.0,12
2020-06-01,422400.0,448000.0,422400.0,448000.0,13
2020-06-02,422400.0,428800.0,416000.0,428800.0,5
2020-06-03,416000.0,422400.0,409600.0,422400.0,5
2020-06-04,416000.0,422400.0,403200.0,422400.0,8
2020-06-05,435200.0,454400.0,409600.0,416000.0,32
2020-06-08,467200.0,473600.0,435200.0,460800.0,26
2020-06-09,454400.0,486400.0,441600.0,467200.0,22
2020-06-10,422400.0,473600.0,384000.0,473600.0,21
2020-06-11,435200.0,467200.0,390400.0,403200.0,33
2020-06-12,396800.0,448000.0,396800.0,448000.0,20
2020-06-15,396800.0,416000.0,390400.0,403200.0,19
2020-06-16,403200.0,416000.0,390400.0,396800.0,19
2020-06-17,403200.0,435200.0,396800.0,403200.0,22
2020-06-18,403200.0,454400.0,396800.0,448000.0,66
2020-06-19,396800.0,416000.0,396800.0,409600.0,18
2020-06-22,396800.0,416000.0,396800.0,403200.0,16
2020-06-23,396800.0,396800.0,384000.0,396800.0,13
2020-06-24,384000.0,390400.0,364800.0,390400.0,13
2020-06-25,377600.0,377600.0,364800.0,377600.0,9
2020-06-26,384000.0,422400.0,377600.0,384000.0,66
2020-06-29,396800.0,409600.0,384000.0,403200.0,21
2020-06-30,390400.0,396800.0,384000.0,390400.0,8
2020-07-01,390400.0,396800.0,377600.0,384000.0,10
2020-07-02,384000.0,390400.0,377600.0,390400.0,8
2020-07-06,377600.0,384000.0,371200.0,377600.0,8
2020-07-07,390400.0,396800.0,377600.0,384000.0,12
2020-07-08,422400.0,441600.0,396800.0,403200.0,48
2020-07-09,422400.0,435200.0,384000.0,422400.0,29
2020-07-10,409600.0,435200.0,403200.0,428800.0,13
2020-07-13,352000.0,467200.0,332800.0,435200.0,100
2020-07-14,364800.0,364800.0,339200.0,352000.0,19
2020-07-15,364800.0,364800.0,352000.0,358400.0,12
2020-07-16,409600.0,416000.0,364800.0,403200.0,69
2020-07-17,518400.0,563200.0,422400.0,428800.0,149
2020-07-20,992000.0,1190400.0,678400.0,768000.0,416
2020-07-21,1068800.0,1574400.0,985600.0,1209600.0,377
2020-07-22,832000.0,908800.0,736000.0,844800.0,126
2020-07-23,966400.0,1081600.0,864000.0,947200.0,114
2020-07-24,928000.0,947200.0,832000.0,896000.0,36
2020-07-27,832000.0,883200.0,800000.0,857600.0,27
2020-07-28,748800.0,800000.0,665600.0,768000.0,42
2020-07-29,729600.0,800000.0,704000.0,723200.0,25
2020-07-30,857600.0,864000.0,678400.0,704000.0,38
2020-07-31,825600.0,972800.0,812800.0,953600.0,49
2020-08-03,793600.0,819200.0,761600.0,768000.0,18
2020-08-04,774400.0,806400.0,774400.0,787200.0,13
2020-08-05,800000.0,851200.0,761600.0,768000.0,17
2020-08-06,768000.0,876800.0,768000.0,851200.0,27
2020-08-07,742400.0,761600.0,716800.0,755200.0,19
2020-08-10,716800.0,748800.0,704000.0,748800.0,16
2020-08-11,652800.0,716800.0,640000.0,704000.0,27
2020-08-12,569600.0,646400.0,550400.0,646400.0,25
2020-08-13,729600.0,742400.0,569600.0,569600.0,36
2020-08-14,652800.0,684800.0,640000.0,672000.0,13
2020-08-17,659200.0,684800.0,652800.0,684800.0,8
2020-08-18,633600.0,665600.0,608000.0,652800.0,12
2020-08-19,627200.0,646400.0,601600.0,640000.0,14
2020-08-20,595200.0,627200.0,569600.0,627200.0,11
2020-08-21,563200.0,582400.0,537600.0,582400.0,12
2020-08-24,537600.0,582400.0,499200.0,576000.0,13
2020-08-25,544000.0,563200.0,518400.0,544000.0,8
2020-08-26,608000.0,627200.0,556800.0,556800.0,17
2020-08-27,620800.0,652800.0,576000.0,588800.0,19
2020-08-28,614400.0,640000.0,582400.0,633600.0,7
2020-08-31,569600.0,614400.0,556800.0,608000.0,8
2020-09-01,537600.0,569600.0,531200.0,569600.0,10
2020-09-02,531200.0,556800.0,518400.0,556800.0,7
2020-09-03,563200.0,595200.0,531200.0,537600.0,13
2020-09-04,531200.0,588800.0,512000.0,582400.0,12
2020-09-08,492800.0,524800.0,492800.0,518400.0,10
2020-09-09,518400.0,524800.0,473600.0,505600.0,10
2020-09-10,492800.0,531200.0,486400.0,512000.0,7
2020-09-11,486400.0,499200.0,480000.0,499200.0,4
2020-09-14,492800.0,499200.0,473600.0,492800.0,7
2020-09-15,512000.0,556800.0,505600.0,531200.0,13
2020-09-16,563200.0,576000.0,518400.0,524800.0,15
2020-09-17,633600.0,691200.0,563200.0,569600.0,58
2020-09-18,588800.0,659200.0,588800.0,640000.0,22
2020-09-21,595200.0,608000.0,556800.0,576000.0,10
2020-09-22,595200.0,627200.0,588800.0,601600.0,8
2020-09-23,576000.0,614400.0,544000.0,614400.0,12
2020-09-24,556800.0,595200.0,544000.0,569600.0,11
2020-09-25,544000.0,550400.0,518400.0,544000.0,7
2020-09-28,544000.0,556800.0,544000.0,556800.0,7
2020-09-29,576000.0,601600.0,563200.0,595200.0,12
2020-09-30,537600.0,544000.0,512000.0,524800.0,13
2020-10-01,518400.0,531200.0,512000.0,531200.0,5
2020-10-02,512000.0,524800.0,499200.0,512000.0,6
2020-10-05,505600.0,518400.0,492800.0,505600.0,7
2020-10-06,492800.0,512000.0,492800.0,505600.0,6
2020-10-07,486400.0,492800.0,460800.0,492800.0,10
2020-10-08,499200.0,505600.0,473600.0,486400.0,8
2020-10-09,492800.0,492800.0,480000.0,492800.0,6
2020-10-12,486400.0,492800.0,480000.0,492800.0,3
2020-10-13,492800.0,492800.0,473600.0,480000.0,7
2020-10-14,473600.0,492800.0,473600.0,486400.0,6
2020-10-15,473600.0,480000.0,460800.0,480000.0,5
2020-10-16,473600.0,492800.0,467200.0,473600.0,6
2020-10-19,467200.0,480000.0,467200.0,473600.0,4
2020-10-20,448000.0,460800.0,441600.0,460800.0,8
2020-10-21,416000.0,448000.0,409600.0,441600.0,11
2020-10-22,428800.0,441600.0,403200.0,435200.0,7
2020-10-23,428800.0,441600.0,409600.0,435200.0,5
2020-10-26,409600.0,435200.0,390400.0,428800.0,5
2020-10-27,396800.0,409600.0,390400.0,409600.0,4
2020-10-28,377600.0,390400.0,371200.0,384000.0,5
2020-10-29,384000.0,403200.0,371200.0,384000.0,6
2020-10-30,358400.0,384000.0,358400.0,384000.0,5
2020-11-02,371200.0,396800.0,358400.0,364800.0,7
2020-11-03,371200.0,390400.0,364800.0,371200.0,4
2020-11-04,371200.0,377600.0,358400.0,371200.0,5
2020-11-05,364800.0,377600.0,358400.0,371200.0,4
2020-11-06,358400.0,371200.0,352000.0,364800.0,5
2020-11-09,339200.0,364800.0,339200.0,364800.0,8
2020-11-10,352000.0,358400.0,326400.0,345600.0,7
2020-11-11,358400.0,377600.0,352000.0,364800.0,9
2020-11-12,364800.0,371200.0,358400.0,364800.0,6
2020-11-13,396800.0,396800.0,364800.0,364800.0,10
2020-11-16,390400.0,428800.0,377600.0,422400.0,13
2020-11-17,377600.0,396800.0,358400.0,377600.0,8
2020-11-18,371200.0,384000.0,364800.0,377600.0,7
2020-11-19,371200.0,377600.0,358400.0,364800.0,7
2020-11-20,371200.0,384000.0,358400.0,377600.0,7
2020-11-23,364800.0,384000.0,358400.0,384000.0,8
2020-11-24,358400.0,364800.0,339200.0,364800.0,12
2020-11-25,352000.0,358400.0,345600.0,358400.0,6
2020-11-27,364800.0,364800.0,352000.0,358400.0,6
2020-11-30,390400.0,403200.0,358400.0,371200.0,23
2020-12-01,396800.0,422400.0,390400.0,403200.0,14
2020-12-02,403200.0,422400.0,371200.0,396800.0,17
2020-12-03,390400.0,403200.0,384000.0,403200.0,6
2020-12-04,403200.0,416000.0,390400.0,409600.0,16
2020-12-07,448000.0,652800.0,441600.0,652800.0,233
2020-12-08,416000.0,448000.0,416000.0,448000.0,36
2020-12-09,416000.0,435200.0,396800.0,409600.0,27
2020-12-10,396800.0,416000.0,390400.0,416000.0,13
2020-12-11,384000.0,403200.0,384000.0,396800.0,15
2020-12-14,371200.0,396800.0,371200.0,384000.0,13
2020-12-15,384000.0,422400.0,358400.0,371200.0,48
2020-12-16,371200.0,384000.0,364800.0,384000.0,16
2020-12-17,390400.0,403200.0,371200.0,377600.0,13
2020-12-18,377600.0,409600.0,377600.0,390400.0,14
2020-12-21,364800.0,377600.0,345600.0,358400.0,22
2020-12-22,364800.0,384000.0,358400.0,377600.0,17
2020-12-23,422400.0,435200.0,384000.0,396800.0,63
2020-12-24,428800.0,537600.0,416000.0,512000.0,85
2020-12-28,448000.0,467200.0,428800.0,454400.0,35
2020-12-29,422400.0,454400.0,409600.0,448000.0,24
2020-12-30,435200.0,454400.0,409600.0,416000.0,23
2020-12-31,435200.0,448000.0,416000.0,448000.0,14
2021-01-04,460800.0,460800.0,416000.0,428800.0,45
2021-01-05,524800.0,544000.0,486400.0,492800.0,79
2021-01-06,486400.0,524800.0,473600.0,524800.0,37
2021-01-07,505600.0,524800.0,486400.0,505600.0,26
2021-01-08,537600.0,537600.0,512000.0,518400.0,35
2021-01-11,524800.0,736000.0,492800.0,588800.0,246
2021-01-12,595200.0,633600.0,531200.0,544000.0,175
2021-01-13,640000.0,736000.0,601600.0,672000.0,152
2021-01-14,614400.0,684800.0,582400.0,659200.0,77
2021-01-15,582400.0,608000.0,563200.0,588800.0,47
2021-01-19,582400.0,608000.0,544000.0,582400.0,50
2021-01-20,595200.0,614400.0,563200.0,595200.0,38
2021-01-21,627200.0,652800.0,595200.0,614400.0,61
2021-01-22,659200.0,684800.0,620800.0,620800.0,57
2021-01-25,652800.0,716800.0,620800.0,672000.0,61
2021-01-26,633600.0,672000.0,633600.0,665600.0,39
2021-01-27,608000.0,665600.0,569600.0,588800.0,71
2021-01-28,627200.0,646400.0,582400.0,614400.0,64
2021-01-29,627200.0,684800.0,620800.0,640000.0,50
2021-02-01,620800.0,640000.0,595200.0,627200.0,32
2021-02-02,672000.0,678400.0,608000.0,633600.0,62
2021-02-03,768000.0,812800.0,640000.0,652800.0,145
2021-02-04,851200.0,992000.0,774400.0,902400.0,202
2021-02-05,812800.0,870400.0,742400.0,851200.0,58
2021-02-08,992000.0,1062400.0,851200.0,1062400.0,241
2021-02-09,1030400.0,1145600.0,1011200.0,1107200.0,210
2021-02-10,1043200.0,1088000.0,908800.0,1075200.0,110
2021-02-11,1280000.0,1356800.0,1088000.0,1139200.0,200
2021-02-12,1164800.0,1273600.0,1088000.0,1177600.0,71
2021-02-16,1132800.0,1241600.0,1113600.0,1196800.0,56
2021-02-17,1075200.0,1126400.0,1011200.0,1120000.0,51
2021-02-18,934400.0,1024000.0,889600.0,998400.0,59
2021-02-19,908800.0,985600.0,870400.0,921600.0,36
2021-02-22,825600.0,902400.0,825600.0,876800.0,35
2021-02-23,780800.0,793600.0,640000.0,729600.0,59
2021-02-24,800000.0,870400.0,793600.0,793600.0,29
2021-02-25,780800.0,896000.0,748800.0,857600.0,43
2021-02-26,761600.0,812800.0,716800.0,793600.0,25
2021-03-01,780800.0,800000.0,768000.0,800000.0,19
2021-03-02,780800.0,819200.0,774400.0,787200.0,18
2021-03-03,723200.0,774400.0,697600.0,768000.0,25
2021-03-04,620800.0,736000.0,608000.0,704000.0,47
2021-03-05,652800.0,652800.0,518400.0,627200.0,37
2021-03-08,652800.0,704000.0,646400.0,672000.0,20
2021-03-09,736000.0,787200.0,659200.0,678400.0,61
2021-03-10,729600.0,774400.0,697600.0,768000.0,25
2021-03-11,768000.0,780800.0,729600.0,748800.0,20
2021-03-12,812800.0,832000.0,736000.0,748800.0,22
2021-03-15,838400.0,876800.0,800000.0,838400.0,26
2021-03-16,812800.0,851200.0,780800.0,851200.0,22
2021-03-17,960000.0,1017600.0,851200.0,921600.0,190
2021-03-18,876800.0,966400.0,864000.0,940800.0,42
2021-03-19,928000.0,953600.0,896000.0,915200.0,43
2021-03-22,953600.0,972800.0,883200.0,928000.0,47
2021-03-23,883200.0,928000.0,851200.0,921600.0,26
2021-03-24,793600.0,876800.0,780800.0,864000.0,23
2021-03-25,838400.0,857600.0,742400.0,755200.0,23
2021-03-26,812800.0,838400.0,787200.0,832000.0,14
2021-03-29,774400.0,812800.0,768000.0,800000.0,15
2021-03-30,800000.0,812800.0,736000.0,768000.0,16
2021-03-31,819200.0,838400.0,787200.0,800000.0,17
2021-04-01,780800.0,832000.0,768000.0,825600.0,16
2021-04-05,768000.0,800000.0,755200.0,768000.0,14
2021-04-06,774400.0,793600.0,755200.0,761600.0,11
2021-04-07,742400.0,780800.0,736000.0,768000.0,17
2021-04-08,742400.0,768000.0,736000.0,748800.0,10
2021-04-09,755200.0,793600.0,729600.0,736000.0,15
2021-04-12,697600.0,768000.0,691200.0,755200.0,19
2021-04-13,697600.0,716800.0,665600.0,691200.0,13
2021-04-14,697600.0,723200.0,684800.0,691200.0,9
2021-04-15,665600.0,723200.0,646400.0,697600.0,16
2021-04-16,627200.0,646400.0,601600.0,640000.0,21
2021-04-19,691200.0,748800.0,659200.0,716800.0,61
2021-04-20,640000.0,704000.0,614400.0,697600.0,18
2021-04-21,652800.0,672000.0,595200.0,608000.0,15
2021-04-22,659200.0,697600.0,640000.0,652800.0,22
2021-04-23,665600.0,672000.0,646400.0,652800.0,11
2021-04-26,704000.0,704000.0,640000.0,652800.0,18
2021-04-27,697600.0,723200.0,684800.0,710400.0,12
2021-04-28,729600.0,755200.0,678400.0,697600.0,15
2021-04-29,736000.0,748800.0,697600.0,748800.0,10
2021-04-30,729600.0,742400.0,704000.0,723200.0,9
2021-05-03,729600.0,761600.0,710400.0,748800.0,11
2021-05-04,736000.0,736000.0,652800.0,716800.0,20
2021-05-05,723200.0,793600.0,716800.0,723200.0,28
2021-05-06,704000.0,723200.0,659200.0,716800.0,18
2021-05-07,684800.0,723200.0,678400.0,691200.0,12
2021-05-10,659200.0,684800.0,646400.0,684800.0,14
2021-05-11,665600.0,691200.0,601600.0,614400.0,13
2021-05-12,665600.0,691200.0,652800.0,659200.0,9
2021-05-13,620800.0,672000.0,614400.0,652800.0,16
2021-05-14,678400.0,691200.0,620800.0,620800.0,12
2021-05-17,665600.0,704000.0,659200.0,665600.0,11
2021-05-18,697600.0,742400.0,672000.0,678400.0,19
2021-05-19,704000.0,710400.0,672000.0,691200.0,9
2021-05-20,723200.0,736000.0,697600.0,704000.0,11
2021-05-21,723200.0,736000.0,710400.0,736000.0,10
2021-05-24,729600.0,729600.0,697600.0,716800.0,6
2021-05-25,716800.0,736000.0,704000.0,723200.0,12
2021-05-26,716800.0,736000.0,697600.0,729600.0,11
2021-05-27,755200.0,780800.0,716800.0,729600.0,20
2021-05-28,755200.0,787200.0,742400.0,755200.0,13
2021-06-01,793600.0,819200.0,742400.0,748800.0,17
2021-06-02,793600.0,819200.0,768000.0,806400.0,15
2021-06-03,793600.0,819200.0,768000.0,793600.0,14
2021-06-04,838400.0,876800.0,787200.0,806400.0,41
2021-06-07,876800.0,889600.0,838400.0,857600.0,24
2021-06-08,870400.0,908800.0,806400.0,908800.0,22
2021-06-09,832000.0,864000.0,832000.0,857600.0,13
2021-06-10,832000.0,857600.0,806400.0,819200.0,15
2021-06-11,851200.0,857600.0,819200.0,832000.0,8
2021-06-14,889600.0,889600.0,851200.0,851200.0,10
2021-06-15,851200.0,889600.0,832000.0,876800.0,9
2021-06-16,787200.0,844800.0,761600.0,838400.0,18
2021-06-17,780800.0,793600.0,748800.0,780800.0,11
2021-06-18,780800.0,787200.0,755200.0,755200.0,9
2021-06-21,729600.0,800000.0,716800.0,800000.0,16
2021-06-22,710400.0,742400.0,704000.0,729600.0,10
2021-06-23,716800.0,742400.0,704000.0,723200.0,14
2021-06-24,704000.0,736000.0,704000.0,729600.0,22
2021-06-25,761600.0,825600.0,742400.0,774400.0,130
2021-06-28,774400.0,825600.0,761600.0,761600.0,28
2021-06-29,729600.0,774400.0,723200.0,774400.0,19
2021-06-30,710400.0,736000.0,704000.0,736000.0,16
2021-07-01,716800.0,729600.0,704000.0,723200.0,9
2021-07-02,697600.0,723200.0,678400.0,723200.0,11
2021-07-06,678400.0,704000.0,672000.0,697600.0,9
2021-07-07,665600.0,684800.0,652800.0,672000.0,12
2021-07-08,665600.0,684800.0,633600.0,652800.0,9
2021-07-09,684800.0,691200.0,652800.0,678400.0,9
2021-07-12,665600.0,678400.0,652800.0,678400.0,7
2021-07-13,646400.0,672000.0,640000.0,652800.0,10
2021-07-14,620800.0,652800.0,620800.0,652800.0,13
2021-07-15,633600.0,633600.0,595200.0,620800.0,9
2021-07-16,627200.0,652800.0,620800.0,633600.0,9
2021-07-19,627200.0,627200.0,595200.0,614400.0,8
2021-07-20,614400.0,633600.0,608000.0,620800.0,12
2021-07-21,672000.0,697600.0,620800.0,620800.0,16
2021-07-22,646400.0,684800.0,640000.0,684800.0,7
2021-07-23,627200.0,659200.0,627200.0,646400.0,20
2021-07-26,448000.0,512000.0,422400.0,428800.0,59
2021-07-27,467200.0,492800.0,454400.0,492800.0,24
2021-07-28,473600.0,473600.0,460800.0,460800.0,11
2021-07-29,467200.0,480000.0,460800.0,480000.0,11
2021-07-30,460800.0,467200.0,454400.0,467200.0,8
2021-08-02,460800.0,473600.0,454400.0,467200.0,9
2021-08-03,441600.0,467200.0,435200.0,460800.0,13
2021-08-04,422400.0,441600.0,416000.0,441600.0,16
2021-08-05,441600.0,448000.0,416000.0,422400.0,18
2021-08-06,441600.0,448000.0,428800.0,448000.0,14
2021-08-09,448000.0,460800.0,428800.0,435200.0,11
2021-08-10,499200.0,524800.0,454400.0,460800.0,34
2021-08-11,460800.0,486400.0,448000.0,486400.0,23
2021-08-12,448000.0,460800.0,435200.0,454400.0,12
2021-08-13,435200.0,448000.0,435200.0,448000.0,11
2021-08-16,435200.0,448000.0,428800.0,435200.0,14
2021-08-17,428800.0,441600.0,416000.0,435200.0,14
2021-08-18,428800.0,467200.0,416000.0,422400.0,25
2021-08-19,435200.0,454400.0,422400.0,435200.0,27
2021-08-20,422400.0,448000.0,422400.0,428800.0,17
2021-08-23,441600.0,441600.0,422400.0,428800.0,17
2021-08-24,454400.0,499200.0,441600.0,492800.0,56
2021-08-25,441600.0,454400.0,435200.0,448000.0,18
2021-08-26,448000.0,454400.0,441600.0,448000.0,20
2021-08-27,454400.0,454400.0,441600.0,448000.0,13
2021-08-30,441600.0,454400.0,441600.0,448000.0,12
2021-08-31,454400.0,454400.0,441600.0,441600.0,14
2021-09-01,467200.0,467200.0,448000.0,448000.0,15
2021-09-02,473600.0,480000.0,454400.0,460800.0,15
2021-09-03,454400.0,467200.0,448000.0,467200.0,15
2021-09-07,448000.0,454400.0,441600.0,448000.0,14
2021-09-08,428800.0,441600.0,416000.0,441600.0,18
2021-09-09,435200.0,435200.0,416000.0,428800.0,12
2021-09-10,422400.0,435200.0,416000.0,435200.0,13
2021-09-13,422400.0,441600.0,416000.0,435200.0,18
2021-09-14,390400.0,428800.0,390400.0,422400.0,27
2021-09-15,396800.0,403200.0,384000.0,396800.0,12
2021-09-16,403200.0,403200.0,384000.0,396800.0,17
2021-09-17,396800.0,403200.0,390400.0,396800.0,19
2021-09-20,377600.0,390400.0,371200.0,384000.0,21
2021-09-21,384000.0,396800.0,371200.0,377600.0,19
2021-09-22,384000.0,396800.0,377600.0,390400.0,23
2021-09-23,403200.0,403200.0,384000.0,390400.0,18
2021-09-24,390400.0,396800.0,384000.0,390400.0,14
2021-09-27,396800.0,409600.0,384000.0,384000.0,22
2021-09-28,377600.0,390400.0,371200.0,390400.0,27
2021-09-29,371200.0,390400.0,364800.0,390400.0,28
2021-09-30,384000.0,390400.0,364800.0,371200.0,29
2021-10-01,377600.0,390400.0,371200.0,384000.0,22
2021-10-04,364800.0,384000.0,364800.0,377600.0,16
2021-10-05,364800.0,377600.0,352000.0,371200.0,28
2021-10-06,339200.0,364800.0,339200.0,358400.0,22
2021-10-07,345600.0,352000.0,339200.0,345600.0,25
2021-10-08,339200.0,352000.0,332800.0,345600.0,26
2021-10-11,332800.0,345600.0,332800.0,339200.0,22
2021-10-12,358400.0,358400.0,332800.0,339200.0,19
2021-10-13,358400.0,358400.0,345600.0,358400.0,8
2021-10-14,352000.0,377600.0,345600.0,364800.0,39
2021-10-15,364800.0,364800.0,352000.0,358400.0,23
2021-10-18,390400.0,403200.0,371200.0,371200.0,41
2021-10-19,384000.0,390400.0,371200.0,384000.0,17
2021-10-20,371200.0,384000.0,364800.0,384000.0,21
2021-10-21,371200.0,377600.0,364800.0,371200.0,21
2021-10-22,352000.0,364800.0,339200.0,358400.0,31
2021-10-25,358400.0,364800.0,345600.0,352000.0,16
2021-10-26,371200.0,371200.0,352000.0,358400.0,26
2021-10-27,352000.0,377600.0,352000.0,371200.0,21
2021-10-28,352000.0,358400.0,345600.0,352000.0,16
2021-10-29,352000.0,358400.0,345600.0,358400.0,12
2021-11-01,371200.0,371200.0,358400.0,358400.0,16
2021-11-02,358400.0,371200.0,352000.0,371200.0,12
2021-11-03,364800.0,364800.0,352000.0,358400.0,15
2021-11-04,358400.0,371200.0,358400.0,364800.0,11
2021-11-05,352000.0,364800.0,345600.0,358400.0,23
2021-11-08,358400.0,364800.0,352000.0,352000.0,25
2021-11-09,377600.0,390400.0,358400.0,371200.0,25
2021-11-10,352000.0,371200.0,345600.0,364800.0,20
2021-11-11,345600.0,358400.0,345600.0,352000.0,21
2021-11-12,345600.0,352000.0,339200.0,345600.0,19
2021-11-15,371200.0,371200.0,345600.0,352000.0,33
2021-11-16,352000.0,364800.0,345600.0,358400.0,20
2021-11-17,339200.0,352000.0,332800.0,345600.0,22
2021-11-18,326400.0,339200.0,320000.0,339200.0,24
2021-11-19,307200.0,326400.0,307200.0,320000.0,31
2021-11-22,300800.0,313600.0,294400.0,313600.0,39
2021-11-23,313600.0,364800.0,307200.0,358400.0,122
2021-11-24,307200.0,313600.0,294400.0,313600.0,54
2021-11-26,326400.0,326400.0,307200.0,313600.0,39
2021-11-29,307200.0,332800.0,307200.0,332800.0,60
2021-11-30,300800.0,313600.0,294400.0,307200.0,32
2021-12-01,275200.0,300800.0,275200.0,294400.0,46
2021-12-02,281600.0,281600.0,262400.0,262400.0,23
2021-12-03,268800.0,281600.0,262400.0,275200.0,17
2021-12-06,262400.0,275200.0,256000.0,262400.0,33
2021-12-07,275200.0,288000.0,268800.0,268800.0,28
2021-12-08,288000.0,288000.0,268800.0,275200.0,18
2021-12-09,256000.0,288000.0,256000.0,281600.0,40
2021-12-10,243200.0,262400.0,243200.0,262400.0,43
2021-12-13,268800.0,275200.0,243200.0,243200.0,49
2021-12-14,256000.0,275200.0,256000.0,262400.0,20
2021-12-15,281600.0,281600.0,256000.0,268800.0,28
2021-12-16,262400.0,281600.0,262400.0,281600.0,21
2021-12-17,262400.0,281600.0,262400.0,262400.0,39
2021-12-20,256000.0,268800.0,249600.0,262400.0,22
2021-12-21,249600.0,256000.0,249600.0,249600.0,16
2021-12-22,256000.0,262400.0,249600.0,249600.0,16
2021-12-23,256000.0,268800.0,249600.0,256000.0,16
2021-12-27,249600.0,256000.0,249600.0,256000.0,14
2021-12-28,249600.0,256000.0,249600.0,249600.0,13
2021-12-29,230400.0,249600.0,230400.0,249600.0,18
2021-12-30,230400.0,236800.0,230400.0,236800.0,20
2021-12-31,230400.0,236800.0,230400.0,230400.0,22
2022-01-03,256000.0,256000.0,230400.0,236800.0,31
2022-01-04,236800.0,275200.0,230400.0,262400.0,26
2022-01-05,224000.0,243200.0,224000.0,236800.0,16
2022-01-06,217600.0,230400.0,211200.0,224000.0,16
2022-01-07,217600.0,224000.0,211200.0,217600.0,11
2022-01-10,204800.0,211200.0,204800.0,211200.0,15
2022-01-11,211200.0,217600.0,204800.0,211200.0,14
2022-01-12,198400.0,217600.0,192000.0,211200.0,23
2022-01-13,185600.0,198400.0,185600.0,198400.0,21
2022-01-14,185600.0,185600.0,179200.0,185600.0,18
2022-01-18,179200.0,185600.0,172800.0,179200.0,17
2022-01-19,172800.0,179200.0,166400.0,179200.0,19
2022-01-20,160000.0,172800.0,160000.0,172800.0,26
2022-01-21,147200.0,166400.0,147200.0,166400.0,38
2022-01-24,147200.0,160000.0,128000.0,134400.0,34
2022-01-25,160000.0,160000.0,147200.0,153600.0,24
2022-01-26,153600.0,166400.0,153600.0,160000.0,31
2022-01-27,140800.0,160000.0,134400.0,160000.0,34
2022-01-28,140800.0,147200.0,134400.0,140800.0,22
2022-01-31,153600.0,160000.0,147200.0,147200.0,25
2022-02-01,153600.0,166400.0,147200.0,166400.0,40
2022-02-02,147200.0,153600.0,140800.0,153600.0,32
2022-02-03,134400.0,147200.0,134400.0,140800.0,26
2022-02-04,140800.0,140800.0,134400.0,140800.0,28
2022-02-07,147200.0,153600.0,140800.0,147200.0,32
2022-02-08,140800.0,147200.0,134400.0,147200.0,35
2022-02-09,140800.0,147200.0,140800.0,147200.0,30
2022-02-10,140800.0,160000.0,134400.0,140800.0,55
2022-02-11,134400.0,147200.0,134400.0,140800.0,37
2022-02-14,128000.0,134400.0,121600.0,134400.0,34
2022-02-15,134400.0,140800.0,128000.0,134400.0,37
2022-02-16,128000.0,134400.0,128000.0,134400.0,29
2022-02-17,128000.0,134400.0,121600.0,134400.0,30
2022-02-18,115200.0,128000.0,115200.0,128000.0,43
2022-02-22,115200.0,121600.0,108800.0,115200.0,24
2022-02-23,108800.0,121600.0,108800.0,121600.0,23
2022-02-24,115200.0,115200.0,96000.0,96000.0,33
2022-02-25,115200.0,115200.0,108800.0,115200.0,15
2022-02-28,115200.0,121600.0,108800.0,115200.0,24
2022-03-01,121600.0,121600.0,115200.0,121600.0,21
2022-03-02,121600.0,134400.0,121600.0,128000.0,35
2022-03-03,160000.0,230400.0,160000.0,179200.0,614
2022-03-04,134400.0,160000.0,128000.0,153600.0,114
2022-03-07,128000.0,140800.0,128000.0,140800.0,61
2022-03-08,147200.0,147200.0,108800.0,121600.0,86
2022-03-09,147200.0,153600.0,134400.0,153600.0,61
2022-03-10,140800.0,147200.0,140800.0,140800.0,31
2022-03-11,140800.0,153600.0,140800.0,140800.0,26
2022-03-14,134400.0,147200.0,134400.0,147200.0,26
2022-03-15,134400.0,140800.0,128000.0,134400.0,22
2022-03-16,147200.0,147200.0,134400.0,134400.0,40
2022-03-17,160000.0,166400.0,140800.0,140800.0,33
2022-03-18,153600.0,166400.0,153600.0,160000.0,60
2022-03-21,153600.0,172800.0,140800.0,140800.0,50
2022-03-22,160000.0,166400.0,153600.0,153600.0,38
2022-03-23,153600.0,166400.0,153600.0,160000.0,33
2022-03-24,153600.0,153600.0,147200.0,153600.0,19
2022-03-25,147200.0,160000.0,140800.0,153600.0,24
2022-03-28,140800.0,147200.0,140800.0,147200.0,33
2022-03-29,147200.0,153600.0,140800.0,147200.0,29
2022-03-30,140800.0,147200.0,140800.0,147200.0,23
2022-03-31,147200.0,153600.0,140800.0,140800.0,108
2022-04-01,140800.0,147200.0,140800.0,147200.0,39
2022-04-04,147200.0,147200.0,140800.0,140800.0,32
2022-04-05,140800.0,147200.0,134400.0,147200.0,38
2022-04-06,134400.0,147200.0,134400.0,147200.0,60
2022-04-07,140800.0,147200.0,134400.0,140800.0,63
2022-04-08,134400.0,147200.0,134400.0,147200.0,29
2022-04-11,128000.0,134400.0,121600.0,134400.0,45
2022-04-12,115200.0,128000.0,115200.0,128000.0,44
2022-04-13,121600.0,121600.0,115200.0,121600.0,32
2022-04-14,121600.0,121600.0,115200.0,121600.0,26
2022-04-18,108800.0,121600.0,108800.0,121600.0,37
2022-04-19,115200.0,115200.0,108800.0,115200.0,20
2022-04-20,115200.0,115200.0,108800.0,115200.0,25
2022-04-21,108800.0,115200.0,108800.0,115200.0,23
2022-04-22,102400.0,108800.0,102400.0,108800.0,29
2022-04-25,102400.0,102400.0,96000.0,102400.0,25
2022-04-26,96000.0,102400.0,96000.0,102400.0,26
2022-04-27,96000.0,102400.0,96000.0,96000.0,29
2022-04-28,96000.0,96000.0,89600.0,96000.0,41
2022-04-29,96000.0,102400.0,89600.0,89600.0,22
2022-05-02,96000.0,96000.0,89600.0,89600.0,22
2022-05-03,96000.0,96000.0,89600.0,96000.0,27
2022-05-04,96000.0,102400.0,89600.0,96000.0,23
2022-05-05,89600.0,96000.0,89600.0,96000.0,25
2022-05-06,89600.0,96000.0,89600.0,89600.0,28
2022-05-09,83200.0,89600.0,83200.0,83200.0,29
2022-05-10,89600.0,89600.0,83200.0,89600.0,25
2022-05-11,70400.0,83200.0,70400.0,83200.0,54
2022-05-12,76800.0,83200.0,76800.0,76800.0,43
2022-05-13,83200.0,83200.0,76800.0,76800.0,38
2022-05-16,57600.0,83200.0,57600.0,83200.0,163
2022-05-17,44200.0,48600.0,43200.0,46400.0,176
2022-05-18,38400.0,44800.0,38200.0,44400.0,136
2022-05-19,44200.0,45200.0,39000.0,44200.0,552
2022-05-20,50800.0,51800.0,41600.0,46000.0,823
2022-05-23,47000.0,58600.0,44400.0,52000.0,1030
2022-05-24,42600.0,45000.0,42000.0,45000.0,193
2022-05-25,39800.0,41200.0,38400.0,40200.0,123
2022-05-26,41200.0,42200.0,38200.0,39200.0,111
2022-05-27,44800.0,46200.0,39600.0,41000.0,133
2022-05-31,48800.0,51000.0,43000.0,43000.0,491
2022-06-01,63000.0,95800.0,61200.0,71200.0,8147
2022-06-02,56000.0,61000.0,53400.0,61000.0,1266
2022-06-03,49400.0,57400.0,48200.0,57200.0,760
2022-06-06,46000.0,49800.0,44200.0,49600.0,415
2022-06-07,44600.0,48400.0,44000.0,44800.0,331
2022-06-08,45400.0,47400.0,44000.0,45400.0,384
2022-06-09,42200.0,47000.0,41200.0,45000.0,351
2022-06-10,38600.0,41400.0,38400.0,41400.0,187
2022-06-13,35400.0,36400.0,32600.0,34200.0,186
2022-06-14,36800.0,38400.0,34200.0,34800.0,227
2022-06-15,35600.0,37200.0,34800.0,37000.0,113
2022-06-16,33800.0,35000.0,33200.0,34600.0,109
2022-06-17,35400.0,37000.0,33200.0,33800.0,128
2022-06-21,36800.0,37600.0,35400.0,36400.0,120
2022-06-22,38200.0,39000.0,35400.0,35800.0,131
2022-06-23,39800.0,41400.0,38400.0,38800.0,189
2022-06-24,37400.0,40200.0,37200.0,39600.0,238
2022-06-27,35400.0,36600.0,34600.0,36000.0,163
2022-06-28,33800.0,35600.0,33000.0,35400.0,146
2022-06-29,33200.0,35000.0,32400.0,34200.0,222
2022-06-30,31600.0,32400.0,30600.0,32000.0,116
2022-07-01,32200.0,33200.0,31000.0,31400.0,132
2022-07-05,33400.0,34600.0,31800.0,32600.0,150
2022-07-06,31600.0,33600.0,31000.0,33400.0,209
2022-07-07,32800.0,33600.0,31600.0,32000.0,114
2022-07-08,33400.0,34000.0,32400.0,32800.0,80
2022-07-11,30400.0,34200.0,30400.0,33600.0,105
2022-07-12,28000.0,31000.0,27600.0,30400.0,168
2022-07-13,27000.0,27800.0,26400.0,26800.0,105
2022-07-14,25600.0,26400.0,25200.0,26200.0,66
2022-07-15,25400.0,26400.0,24800.0,25400.0,84
2022-07-18,25000.0,26200.0,25000.0,25600.0,64
2022-07-19,26000.0,26600.0,24800.0,25000.0,118
2022-07-20,27000.0,28200.0,25800.0,25800.0,88
2022-07-21,26200.0,27200.0,25800.0,27200.0,58
2022-07-22,23800.0,25800.0,23800.0,25600.0,116
2022-07-25,34600.0,37800.0,25200.0,26200.0,2687
2022-07-26,33800.0,41600.0,30800.0,31600.0,2850
2022-07-27,32000.0,35800.0,31400.0,33600.0,944
2022-07-28,37400.0,37800.0,32400.0,33800.0,1420
2022-07-29,33600.0,44800.0,33200.0,36800.0,1842
2022-08-01,37200.0,42800.0,37000.0,40800.0,1260
2022-08-02,38000.0,40800.0,35600.0,38000.0,830
2022-08-03,35400.0,38800.0,34600.0,37400.0,665
2022-08-04,36000.0,37800.0,33400.0,34200.0,1202
2022-08-05,31600.0,35600.0,31200.0,33800.0,662
2022-08-08,30400.0,33000.0,29400.0,32400.0,307
2022-08-09,28000.0,30000.0,27400.0,28800.0,296
2022-08-10,28200.0,29600.0,27800.0,28000.0,192
2022-08-11,27400.0,29600.0,27400.0,28400.0,288
2022-08-12,28000.0,28600.0,27200.0,27800.0,135
2022-08-15,31800.0,33000.0,27800.0,28000.0,436
2022-08-16,29600.0,31400.0,28600.0,31000.0,184
2022-08-17,29200.0,29600.0,28400.0,29000.0,209
2022-08-18,28000.0,29600.0,27600.0,29600.0,135
2022-08-19,26000.0,27800.0,26000.0,27600.0,137
2022-08-22,26000.0,26800.0,25000.0,25200.0,125
2022-08-23,25200.0,26600.0,25200.0,25600.0,75
2022-08-24,25800.0,26600.0,25200.0,25400.0,88
2022-08-25,24000.0,26200.0,24000.0,26000.0,177
2022-08-26,22200.0,24400.0,21800.0,24200.0,184
2022-08-29,20400.0,20800.0,19800.0,20200.0,230
2022-08-30,20400.0,20600.0,19600.0,20400.0,137
2022-08-31,20400.0,20400.0,20000.0,20200.0,83
2022-09-01,19600.0,20000.0,18800.0,20000.0,163
2022-09-02,19800.0,20400.0,19200.0,19400.0,84
2022-09-06,18200.0,19800.0,18000.0,19600.0,147
2022-09-07,18200.0,18400.0,17400.0,18000.0,116
2022-09-08,20600.0,20800.0,18000.0,18000.0,138
2022-09-09,20200.0,21400.0,19800.0,20000.0,185
2022-09-12,19400.0,20800.0,18800.0,20000.0,205
2022-09-13,18400.0,19400.0,18200.0,19400.0,154
2022-09-14,18000.0,18800.0,18000.0,18200.0,99
2022-09-15,17200.0,18600.0,17200.0,18000.0,121
2022-09-16,15800.0,17400.0,15800.0,17000.0,150
2022-09-19,14200.0,15800.0,13800.0,15600.0,278
2022-09-20,13000.0,14000.0,13000.0,13800.0,148
2022-09-21,12800.0,13400.0,12400.0,13000.0,128
2022-09-22,11400.0,12600.0,11200.0,12600.0,237
2022-09-23,11000.0,11400.0,10800.0,11400.0,142
2022-09-26,10600.0,11400.0,10400.0,10800.0,138
2022-09-27,10800.0,11000.0,10400.0,10800.0,63
2022-09-28,11200.0,11400.0,10400.0,10400.0,115
2022-09-29,10600.0,11200.0,10400.0,11200.0,84
2022-09-30,10600.0,11200.0,10400.0,10600.0,69
2022-10-03,11000.0,12400.0,10800.0,11000.0,167
2022-10-04,11400.0,11600.0,11000.0,11400.0,94
2022-10-05,11400.0,11400.0,11200.0,11400.0,39
2022-10-06,11000.0,11400.0,10800.0,11200.0,65
2022-10-07,10200.0,11200.0,10200.0,11000.0,46
2022-10-10,10000.0,10200.0,9800.0,10000.0,66
2022-10-11,9800.0,10400.0,9800.0,9800.0,38
2022-10-12,10000.0,10200.0,9800.0,10000.0,37
2022-10-13,9800.0,9800.0,9400.0,9800.0,59
2022-10-14,9600.0,10200.0,9400.0,10000.0,53
2022-10-17,10200.0,10200.0,9600.0,9800.0,61
2022-10-18,10200.0,10600.0,10000.0,10400.0,46
2022-10-19,10000.0,10200.0,10000.0,10200.0,36
2022-10-20,10200.0,10800.0,9800.0,10000.0,51
2022-10-21,10400.0,10400.0,10000.0,10200.0,46
2022-10-24,9800.0,10600.0,9800.0,10400.0,50
2022-10-25,10000.0,10400.0,9800.0,10000.0,82
2022-10-26,9800.0,10200.0,9600.0,10200.0,63
2022-10-27,9200.0,9800.0,9000.0,9600.0,92
2022-10-28,9400.0,9400.0,9000.0,9200.0,47
2022-10-31,9000.0,9600.0,9000.0,9600.0,32
2022-11-01,9000.0,9200.0,8800.0,9000.0,37
2022-11-02,9200.0,9400.0,9000.0,9200.0,60
2022-11-03,9200.0,9200.0,8800.0,8800.0,40
2022-11-04,9000.0,9200.0,8800.0,9200.0,39
2022-11-07,9200.0,9600.0,9000.0,9200.0,45
2022-11-08,9200.0,10000.0,9000.0,9600.0,59
2022-11-09,8800.0,9400.0,8600.0,9400.0,54
2022-11-10,8800.0,9200.0,8600.0,8800.0,81
2022-11-11,9400.0,9400.0,9000.0,9200.0,45
2022-11-14,9800.0,10000.0,9200.0,9400.0,65
2022-11-15,10000.0,10200.0,9600.0,10000.0,57
2022-11-16,9200.0,12200.0,9200.0,10200.0,367
2022-11-17,9000.0,9600.0,8600.0,9600.0,88
2022-11-18,8400.0,9200.0,8200.0,9200.0,114
2022-11-21,7800.0,8600.0,7800.0,8600.0,129
2022-11-22,7800.0,8000.0,7800.0,8000.0,46
2022-11-23,7600.0,8200.0,7600.0,8200.0,110
2022-11-25,8000.0,8000.0,7600.0,7800.0,24
2022-11-28,7600.0,8000.0,7400.0,7800.0,58
2022-11-29,7800.0,7800.0,7600.0,7600.0,27
2022-11-30,7800.0,8000.0,7600.0,7800.0,66
2022-12-01,7600.0,7800.0,7400.0,7600.0,133
2022-12-02,7800.0,8200.0,7200.0,7400.0,138
2022-12-05,8000.0,8200.0,7800.0,8000.0,84
2022-12-06,7800.0,8000.0,7400.0,8000.0,65
2022-12-07,7400.0,7800.0,7200.0,7800.0,59
2022-12-08,7400.0,7600.0,7400.0,7400.0,48
2022-12-09,7400.0,7600.0,7000.0,7400.0,83
2022-12-12,8000.0,15200.0,7800.0,11400.0,8043
2022-12-13,7400.0,8000.0,7200.0,7800.0,836
2022-12-14,6800.0,7200.0,6800.0,7200.0,449
2022-12-15,6600.0,6800.0,6600.0,6800.0,171
2022-12-16,6400.0,6600.0,6000.0,6600.0,291
2022-12-19,5800.0,6400.0,5800.0,6400.0,226
2022-12-20,6200.0,6600.0,5800.0,5800.0,202
2022-12-21,6400.0,6600.0,6200.0,6400.0,93
2022-12-22,6600.0,6600.0,6200.0,6400.0,78
2022-12-23,6600.0,6800.0,6400.0,6600.0,69
2022-12-27,6800.0,6800.0,6400.0,6800.0,134
2022-12-28,6600.0,6800.0,6400.0,6800.0,70
2022-12-29,7000.0,7000.0,6600.0,6600.0,99
2022-12-30,7800.0,7800.0,6600.0,6800.0,181
2023-01-03,9200.0,9200.0,7800.0,7800.0,444
2023-01-04,10000.0,10400.0,8400.0,9400.0,266
2023-01-05,12000.0,12400.0,9600.0,10000.0,607
2023-01-06,13600.0,16400.0,12400.0,12400.0,788
2023-01-09,16400.0,16800.0,14000.0,14600.0,501
2023-01-10,20600.0,21600.0,16800.0,17000.0,942
2023-01-11,18800.0,19200.0,16000.0,19000.0,688
2023-01-12,24000.0,24000.0,18200.0,18400.0,542
2023-01-13,26000.0,31400.0,23000.0,23400.0,824
2023-01-17,21600.0,28600.0,21000.0,26200.0,457
2023-01-18,20800.0,22400.0,19400.0,21600.0,273
2023-01-19,23600.0,25000.0,20200.0,20600.0,439
2023-01-20,24600.0,25400.0,22400.0,25400.0,271
2023-01-23,23800.0,25800.0,23200.0,23800.0,228
2023-01-24,21600.0,24400.0,21400.0,24400.0,155
2023-01-25,23200.0,24600.0,19600.0,20800.0,260
2023-01-26,23000.0,23400.0,21600.0,23000.0,107
2023-01-27,23000.0,24000.0,22400.0,23000.0,86
2023-01-30,22000.0,22800.0,21800.0,22800.0,48
2023-01-31,22400.0,22800.0,21600.0,22200.0,77
2023-02-01,23400.0,25000.0,21400.0,21400.0,183
2023-02-02,23600.0,24800.0,22600.0,23600.0,135
2023-02-03,24600.0,25200.0,23000.0,23400.0,114
2023-02-06,24000.0,24600.0,23400.0,24400.0,50
2023-02-07,23600.0,24000.0,23000.0,23800.0,58
2023-02-08,24600.0,26600.0,23000.0,23000.0,202
2023-02-09,22200.0,25400.0,22200.0,25000.0,113
2023-02-10,21000.0,21800.0,20000.0,21800.0,93
2023-02-13,21000.0,21000.0,19800.0,20200.0,68
2023-02-14,20600.0,21000.0,20000.0,21000.0,31
2023-02-15,21400.0,21400.0,20400.0,20600.0,35
2023-02-16,20000.0,21400.0,19800.0,21200.0,57
2023-02-17,18200.0,20200.0,18000.0,20000.0,115
2023-02-21,17000.0,18000.0,16200.0,18000.0,92
2023-02-22,14400.0,17200.0,14200.0,16800.0,138
2023-02-23,14600.0,15200.0,13600.0,14800.0,119
2023-02-24,12800.0,14800.0,12400.0,14800.0,122
2023-02-27,13800.0,14000.0,12400.0,12800.0,65
2023-02-28,14000.0,14800.0,13200.0,14200.0,57
2023-03-01,14400.0,14800.0,13400.0,13600.0,45
2023-03-02,14200.0,14200.0,13400.0,14200.0,23
2023-03-03,14800.0,15800.0,13800.0,14200.0,81
2023-03-06,14200.0,15600.0,13600.0,14800.0,175
2023-03-07,12800.0,14400.0,12600.0,14000.0,114
2023-03-08,13000.0,13400.0,12400.0,12600.0,36
2023-03-09,13000.0,13200.0,12800.0,13000.0,26
2023-03-10,12400.0,13200.0,12200.0,13200.0,44
2023-03-13,14000.0,14400.0,12400.0,12400.0,89
2023-03-14,13600.0,14400.0,13000.0,14000.0,45
2023-03-15,11200.0,12800.0,11200.0,12400.0,125
2023-03-16,12000.0,12000.0,11400.0,11400.0,41
2023-03-17,12000.0,12400.0,11800.0,12000.0,29
2023-03-20,11800.0,12400.0,11800.0,12400.0,24
2023-03-21,11800.0,12200.0,11800.0,11800.0,44
2023-03-22,12400.0,12600.0,11800.0,11800.0,42
2023-03-23,11400.0,12600.0,11000.0,12600.0,66
2023-03-24,11600.0,11800.0,11200.0,11400.0,18
2023-03-27,11200.0,12000.0,11000.0,11800.0,21
2023-03-28,11400.0,11600.0,11000.0,11000.0,20
2023-03-29,11800.0,12000.0,11400.0,11400.0,22
2023-03-30,12400.0,12800.0,11800.0,12600.0,54
2023-03-31,11800.0,12800.0,11600.0,12800.0,41
2023-04-03,11600.0,12200.0,11400.0,11800.0,22
2023-04-04,11400.0,11800.0,11200.0,11600.0,26
2023-04-05,11800.0,12000.0,11200.0,11200.0,22
2023-04-06,11800.0,12000.0,11600.0,11800.0,16
2023-04-10,11600.0,11800.0,11200.0,11400.0,19
2023-04-11,11600.0,11800.0,11400.0,11600.0,20
2023-04-12,11200.0,11800.0,11200.0,11600.0,22
2023-04-13,10600.0,11400.0,10400.0,11000.0,61
2023-04-14,10200.0,11000.0,10200.0,11000.0,52
2023-04-17,10200.0,10600.0,9400.0,10400.0,91
2023-04-18,10200.0,10400.0,10000.0,10000.0,35
2023-04-19,10200.0,10600.0,10000.0,10400.0,19
2023-04-20,9800.0,10200.0,9600.0,10000.0,32
2023-04-21,9600.0,10000.0,9600.0,10000.0,32
2023-04-24,9400.0,9800.0,9400.0,9800.0,21
2023-04-25,9200.0,9600.0,9200.0,9400.0,18
2023-04-26,8800.0,9400.0,8400.0,9200.0,36
2023-04-27,9200.0,9200.0,8800.0,9000.0,28
2023-04-28,10400.0,10600.0,9000.0,9200.0,94
2023-05-01,9600.0,10400.0,9600.0,10400.0,53
2023-05-02,9600.0,9800.0,9000.0,9600.0,26
2023-05-03,9800.0,10000.0,9200.0,9400.0,23
2023-05-04,10200.0,10600.0,9800.0,9800.0,35
2023-05-05,10400.0,10600.0,10200.0,10400.0,28
2023-05-08,10200.0,10600.0,9600.0,10400.0,54
2023-05-09,7000.0,10200.0,6400.0,10200.0,346
2023-05-10,6144.0,7168.0,6016.0,6592.0,256
2023-05-11,5728.0,6176.0,5632.0,6080.0,140
2023-05-12,6176.0,6240.0,5664.0,5728.0,90
2023-05-15,6144.0,6496.0,5920.0,6176.0,110
2023-05-16,6112.0,6304.0,5824.0,6016.0,90
2023-05-17,6048.0,6816.0,5920.0,6112.0,189
2023-05-18,5952.0,6048.0,5824.0,6016.0,82
2023-05-19,5888.0,5952.0,5792.0,5856.0,75
2023-05-22,6016.0,6080.0,5760.0,5888.0,110
2023-05-23,5664.0,6560.0,5664.0,6080.0,217
2023-05-24,5696.0,5760.0,5568.0,5664.0,80
2023-05-25,5440.0,5664.0,5440.0,5600.0,87
2023-05-26,5344.0,5472.0,5280.0,5440.0,89
2023-05-30,5216.0,5632.0,5184.0,5376.0,125
2023-05-31,5728.0,5792.0,5184.0,5216.0,74
2023-06-01,6016.0,6080.0,5696.0,5728.0,77
2023-06-02,6016.0,6368.0,5920.0,6272.0,153
2023-06-05,6336.0,6368.0,6016.0,6208.0,129
2023-06-06,6240.0,6720.0,6048.0,6336.0,166
2023-06-07,6112.0,6368.0,5984.0,6240.0,57
2023-06-08,6048.0,6176.0,5920.0,6016.0,71
2023-06-09,5856.0,6048.0,5792.0,5920.0,44
2023-06-12,5568.0,5888.0,5472.0,5888.0,51
2023-06-13,5664.0,5792.0,5440.0,5632.0,49
2023-06-14,5824.0,5920.0,5600.0,5696.0,34
2023-06-15,6144.0,6368.0,5888.0,6016.0,141
2023-06-16,5920.0,6336.0,5728.0,6240.0,66
2023-06-20,5664.0,6016.0,5632.0,5952.0,47
2023-06-21,5408.0,5888.0,5248.0,5600.0,102
2023-06-22,5312.0,5440.0,5024.0,5376.0,55
2023-06-23,5120.0,5312.0,4864.0,5312.0,95
2023-06-26,4576.0,5152.0,4512.0,5120.0,436
2023-06-27,4512.0,4704.0,4384.0,4704.0,96
2023-06-28,4768.0,4768.0,4384.0,4576.0,55
2023-06-29,5120.0,5152.0,4640.0,4800.0,64
2023-06-30,5056.0,5184.0,4864.0,5120.0,45
2023-07-03,5120.0,5280.0,4960.0,5184.0,101
2023-07-05,5248.0,5248.0,4832.0,5120.0,54
2023-07-06,4960.0,5312.0,4896.0,5312.0,94
2023-07-07,5120.0,5248.0,4928.0,4928.0,49
2023-07-10,5504.0,5600.0,5088.0,5152.0,74
2023-07-11,5536.0,5888.0,5408.0,5632.0,62
2023-07-12,5824.0,5984.0,5536.0,5600.0,71
2023-07-13,5888.0,6016.0,5760.0,5888.0,40
2023-07-14,5632.0,5984.0,5600.0,5856.0,33
2023-07-17,5696.0,5824.0,5632.0,5696.0,20
2023-07-18,5632.0,5888.0,5568.0,5792.0,25
2023-07-19,5696.0,5888.0,5504.0,5696.0,40
2023-07-20,5408.0,5696.0,5248.0,5696.0,38
2023-07-21,5312.0,5440.0,5184.0,5344.0,21
2023-07-24,5568.0,5792.0,5312.0,5440.0,94
2023-07-25,5504.0,5696.0,5408.0,5504.0,35
2023-07-26,5504.0,5504.0,5312.0,5408.0,30
2023-07-27,5696.0,5824.0,5440.0,5824.0,139
2023-07-28,3424.0,3680.0,3232.0,3264.0,1497
2023-07-31,3424.0,3616.0,3424.0,3584.0,376
2023-08-01,3296.0,3520.0,3264.0,3488.0,249
2023-08-02,3232.0,3296.0,3168.0,3296.0,213
2023-08-03,3200.0,3296.0,3136.0,3232.0,229
2023-08-04,3136.0,3264.0,3072.0,3264.0,150
2023-08-07,3264.0,3520.0,2976.0,3200.0,980
2023-08-08,3008.0,3360.0,3008.0,3360.0,315
2023-08-09,3040.0,3200.0,2848.0,3104.0,339
2023-08-10,3136.0,3200.0,2976.0,3040.0,198
2023-08-11,3104.0,3136.0,2976.0,3072.0,119
2023-08-14,2976.0,3072.0,2912.0,3040.0,223
2023-08-15,3072.0,3136.0,2976.0,2976.0,157
2023-08-16,2976.0,3072.0,2944.0,3072.0,83
2023-08-17,2976.0,3040.0,2944.0,2976.0,66
2023-08-18,2944.0,2976.0,2880.0,2944.0,49
2023-08-21,3040.0,3072.0,2944.0,2976.0,96
2023-08-22,3008.0,3072.0,2912.0,3072.0,57
2023-08-23,3040.0,3072.0,2912.0,3008.0,33
2023-08-24,2944.0,3040.0,2912.0,3040.0,41
2023-08-25,2944.0,3008.0,2912.0,2944.0,24
2023-08-28,2976.0,3008.0,2912.0,3008.0,34
2023-08-29,3040.0,3072.0,2976.0,2976.0,60
2023-08-30,3008.0,3040.0,2944.0,3040.0,53
2023-08-31,3104.0,3136.0,2976.0,3008.0,60
2023-09-01,3200.0,3232.0,3104.0,3104.0,84
2023-09-05,2944.0,2976.0,2848.0,2880.0,204
2023-09-06,2944.0,3040.0,2944.0,2976.0,31
2023-09-07,2976.0,2976.0,2912.0,2944.0,19
2023-09-08,2912.0,3008.0,2880.0,3008.0,16
2023-09-11,2848.0,2944.0,2848.0,2944.0,37
2023-09-12,2912.0,2944.0,2880.0,2880.0,28
2023-09-13,2848.0,2944.0,2848.0,2848.0,22
2023-09-14,2880.0,2944.0,2816.0,2880.0,24
2023-09-15,2944.0,2944.0,2848.0,2944.0,51
2023-09-18,2752.0,2976.0,2752.0,2976.0,63
2023-09-19,2720.0,2816.0,2720.0,2816.0,41
2023-09-20,2752.0,2784.0,2720.0,2752.0,31
2023-09-21,2560.0,2752.0,2464.0,2752.0,105
2023-09-22,2592.0,2688.0,2560.0,2624.0,32
2023-09-25,2528.0,2624.0,2528.0,2624.0,22
2023-09-26,2528.0,2592.0,2464.0,2592.0,81
2023-09-27,2368.0,2656.0,2368.0,2592.0,181
2023-09-28,2240.0,2432.0,2176.0,2432.0,276
2023-09-29,1760.0,1792.0,1568.0,1568.0,678
2023-10-02,1728.0,1760.0,1632.0,1728.0,116
2023-10-03,1696.0,1760.0,1664.0,1728.0,90
2023-10-04,1824.0,1824.0,1728.0,1760.0,183
2023-10-05,1888.0,1920.0,1792.0,1856.0,262
2023-10-06,1792.0,1888.0,1792.0,1888.0,68
2023-10-09,1824.0,1888.0,1760.0,1792.0,76
2023-10-10,1856.0,1888.0,1792.0,1824.0,58
2023-10-11,1888.0,1920.0,1792.0,1824.0,80
2023-10-12,1888.0,1920.0,1824.0,1888.0,51
2023-10-13,1856.0,1920.0,1824.0,1920.0,48
2023-10-16,1824.0,1920.0,1792.0,1888.0,88
2023-10-17,1824.0,1856.0,1760.0,1824.0,68
2023-10-18,1792.0,1888.0,1760.0,1792.0,63
2023-10-19,1760.0,1792.0,1760.0,1792.0,44
2023-10-20,1760.0,1824.0,1728.0,1824.0,35
2023-10-23,1760.0,1760.0,1696.0,1760.0,67
2023-10-24,1728.0,1792.0,1696.0,1760.0,80
2023-10-25,1760.0,1760.0,1696.0,1760.0,64
2023-10-26,1760.0,1792.0,1696.0,1760.0,51
2023-10-27,1760.0,1792.0,1696.0,1760.0,46
2023-10-30,1824.0,1824.0,1728.0,1792.0,88
2023-10-31,1888.0,1920.0,1792.0,1824.0,329
2023-11-01,1568.0,1600.0,1472.0,1536.0,232
2023-11-02,1600.0,1632.0,1568.0,1632.0,80
2023-11-03,1632.0,1664.0,1568.0,1632.0,72
2023-11-06,1600.0,1632.0,1568.0,1632.0,78
2023-11-07,1568.0,1632.0,1568.0,1632.0,41
2023-11-08,1568.0,1632.0,1536.0,1632.0,36
2023-11-09,1504.0,1568.0,1472.0,1536.0,51
2023-11-10,1504.0,1504.0,1376.0,1504.0,144
2023-11-13,1504.0,1504.0,1440.0,1504.0,46
2023-11-14,1472.0,1504.0,1408.0,1472.0,68
2023-11-15,1504.0,1600.0,1472.0,1504.0,290
2023-11-16,1504.0,1536.0,1440.0,1536.0,131
2023-11-17,1504.0,1536.0,1440.0,1504.0,38
2023-11-20,1536.0,1632.0,1504.0,1536.0,153
2023-11-21,1568.0,1600.0,1568.0,1568.0,72
2023-11-22,1536.0,1600.0,1536.0,1568.0,50
2023-11-24,1568.0,1600.0,1536.0,1536.0,50
2023-11-27,1568.0,1600.0,1504.0,1600.0,77
2023-11-28,1568.0,1760.0,1536.0,1600.0,211
2023-11-29,1664.0,1728.0,1600.0,1600.0,114
2023-11-30,1664.0,1760.0,1568.0,1696.0,214
2023-12-01,1696.0,1696.0,1632.0,1696.0,79
2023-12-04,1504.0,1792.0,1472.0,1728.0,1198
2023-12-05,1536.0,1632.0,1504.0,1600.0,418
2023-12-06,1472.0,1600.0,1344.0,1568.0,498
2023-12-07,1216.0,1472.0,1184.0,1440.0,1270
2023-12-08,1280.0,1344.0,1216.0,1280.0,710
2023-12-11,1248.0,1344.0,1216.0,1280.0,196
2023-12-12,1312.0,1376.0,1216.0,1248.0,374
2023-12-13,1344.0,1408.0,1312.0,1344.0,161
2023-12-14,1632.0,1696.0,1344.0,1344.0,691
2023-12-15,1824.0,1920.0,1696.0,1696.0,815
2023-12-18,2144.0,2208.0,1920.0,1920.0,849
2023-12-19,1920.0,2208.0,1664.0,2208.0,724
2023-12-20,1216.0,2176.0,1216.0,2016.0,4257
2023-12-21,1216.0,1376.0,1152.0,1376.0,1796
2023-12-22,1280.0,1312.0,1152.0,1216.0,1244
2023-12-26,1312.0,1344.0,1248.0,1280.0,561
2023-12-27,1344.0,1344.0,1248.0,1312.0,563
2023-12-28,1312.0,1344.0,1280.0,1280.0,617
2023-12-29,1280.0,1312.0,1248.0,1312.0,510
2024-01-02,1344.0,1408.0,1248.0,1312.0,1121
2024-01-03,1248.0,1376.0,1216.0,1344.0,788
2024-01-04,1216.0,1248.0,1184.0,1248.0,577
2024-01-05,1184.0,1216.0,1184.0,1216.0,361
2024-01-08,1152.0,1216.0,1056.0,1184.0,771
2024-01-09,1024.0,1152.0,992.0,1152.0,1569
2024-01-10,992.0,1024.0,960.0,992.0,865
2024-01-11,896.0,1024.0,896.0,1024.0,643
2024-01-12,960.0,960.0,896.0,896.0,550
2024-01-16,992.0,992.0,960.0,992.0,405
2024-01-17,928.0,992.0,896.0,992.0,275
2024-01-18,864.0,960.0,864.0,960.0,358
2024-01-19,896.0,896.0,832.0,864.0,310
2024-01-22,960.0,960.0,896.0,928.0,260
2024-01-23,928.0,992.0,928.0,960.0,183
2024-01-24,896.0,960.0,896.0,928.0,268
2024-01-25,992.0,992.0,896.0,960.0,359
2024-01-26,960.0,992.0,960.0,992.0,184
2024-01-29,1024.0,1056.0,992.0,1056.0,402
2024-01-30,992.0,1056.0,992.0,1024.0,218
2024-01-31,1024.0,1024.0,992.0,1024.0,203
2024-02-01,1088.0,1120.0,1024.0,1056.0,533
2024-02-02,1056.0,1152.0,1024.0,1152.0,278
2024-02-05,1024.0,1088.0,992.0,1088.0,265
2024-02-06,1056.0,1088.0,992.0,992.0,243
2024-02-07,1056.0,1088.0,1024.0,1056.0,170
2024-02-08,1056.0,1056.0,1024.0,1056.0,156
2024-02-09,1056.0,1088.0,1024.0,1056.0,123
2024-02-12,1184.0,1248.0,1056.0,1120.0,1007
2024-02-13,1120.0,1216.0,1088.0,1216.0,424
2024-02-14,1248.0,1248.0,1088.0,1184.0,362
2024-02-15,1248.0,1248.0,1216.0,1216.0,405
2024-02-16,1216.0,1248.0,1184.0,1248.0,259
2024-02-20,1184.0,1248.0,1184.0,1248.0,292
2024-02-21,1120.0,1248.0,1120.0,1216.0,245
2024-02-22,1024.0,1152.0,992.0,1152.0,387
2024-02-23,1024.0,1056.0,992.0,1024.0,287
2024-02-26,1088.0,1152.0,1056.0,1088.0,381
2024-02-27,1184.0,1216.0,1152.0,1152.0,735
2024-02-28,1184.0,1248.0,1184.0,1216.0,423
2024-02-29,1216.0,1248.0,1184.0,1248.0,518
2024-03-01,1184.0,1216.0,1120.0,1216.0,519
2024-03-04,1216.0,1216.0,1120.0,1216.0,403
2024-03-05,1152.0,1216.0,1152.0,1184.0,331
2024-03-06,1184.0,1184.0,1152.0,1184.0,208
2024-03-07,1184.0,1184.0,1120.0,1184.0,419
2024-03-08,1184.0,1216.0,1152.0,1216.0,218
2024-03-11,1152.0,1216.0,1120.0,1184.0,831
2024-03-12,1056.0,1152.0,1056.0,1152.0,509
2024-03-13,1056.0,1120.0,1056.0,1120.0,326
2024-03-14,1056.0,1120.0,1056.0,1120.0,148
2024-03-15,1024.0,1120.0,1024.0,1120.0,512
2024-03-18,1056.0,1120.0,1024.0,1088.0,255
2024-03-19,1120.0,1184.0,1088.0,1120.0,604
2024-03-20,1152.0,1184.0,1056.0,1152.0,542
2024-03-21,1088.0,1184.0,1088.0,1152.0,503
2024-03-22,1120.0,1152.0,1056.0,1152.0,265
2024-03-25,1056.0,1120.0,1024.0,1120.0,1302
2024-03-26,1088.0,1152.0,1024.0,1056.0,563
2024-03-27,1056.0,1152.0,1024.0,1120.0,489
2024-03-28,608.0,1088.0,544.0,1056.0,6851
2024-04-01,608.0,640.0,544.0,640.0,2808
2024-04-02,608.0,608.0,576.0,608.0,1319
2024-04-03,640.0,640.0,608.0,608.0,1281
2024-04-04,608.0,640.0,608.0,640.0,812
2024-04-05,544.0,608.0,544.0,608.0,1787
2024-04-08,608.0,608.0,544.0,576.0,1108
2024-04-09,608.0,608.0,576.0,576.0,802
2024-04-10,544.0,576.0,544.0,576.0,1069
2024-04-11,544.0,576.0,512.0,576.0,1286
2024-04-12,512.0,544.0,512.0,544.0,794
2024-04-15,480.0,544.0,448.0,544.0,1551
2024-04-16,480.0,480.0,384.0,480.0,1685
2024-04-17,512.0,512.0,448.0,512.0,634
2024-04-18,512.0,512.0,480.0,512.0,457
2024-04-19,512.0,512.0,480.0,480.0,344
2024-04-22,512.0,512.0,480.0,512.0,428
2024-04-23,512.0,512.0,480.0,480.0,497
2024-04-24,512.0,512.0,512.0,512.0,309
2024-04-25,512.0,512.0,480.0,512.0,317
2024-04-26,544.0,544.0,512.0,512.0,581
2024-04-29,576.0,576.0,544.0,544.0,752
2024-04-30,576.0,576.0,544.0,576.0,461
2024-05-01,576.0,576.0,544.0,576.0,374
2024-05-02,544.0,576.0,544.0,576.0,512
2024-05-03,576.0,608.0,576.0,576.0,714
2024-05-06,608.0,640.0,608.0,608.0,1200
2024-05-07,608.0,640.0,576.0,608.0,613
2024-05-08,576.0,640.0,512.0,640.0,468
2024-05-09,576.0,576.0,576.0,576.0,290
2024-05-10,544.0,576.0,544.0,576.0,371
2024-05-13,544.0,576.0,544.0,544.0,479
2024-05-14,576.0,608.0,544.0,544.0,1287
2024-05-15,576.0,608.0,576.0,576.0,313
2024-05-16,576.0,608.0,576.0,608.0,460
2024-05-17,640.0,672.0,640.0,640.0,2263
2024-05-20,608.0,672.0,608.0,640.0,734
2024-05-21,576.0,672.0,576.0,640.0,1016
2024-05-22,608.0,640.0,608.0,608.0,609
2024-05-23,544.0,640.0,544.0,640.0,1050
2024-05-24,576.0,608.0,512.0,576.0,882
2024-05-28,544.0,576.0,544.0,576.0,454
2024-05-29,544.0,576.0,544.0,544.0,586
2024-05-30,544.0,544.0,544.0,544.0,630
2024-05-31,512.0,544.0,512.0,512.0,665
2024-06-03,512.0,544.0,512.0,544.0,617
2024-06-04,480.0,512.0,480.0,512.0,695
2024-06-05,480.0,480.0,480.0,480.0,1019
2024-06-06,352.0,480.0,320.0,480.0,5396
2024-06-07,320.0,352.0,320.0,320.0,2700
2024-06-10,221.0,264.0,218.0,250.0,9185
2024-06-11,213.0,219.0,200.0,204.0,7027
2024-06-12,111.0,120.0,108.0,114.0,51822
2024-06-13,109.0,115.0,108.0,114.0,21062
2024-06-14,115.0,124.0,111.0,115.0,66826
2024-06-17,112.0,119.0,112.0,115.0,12824
2024-06-18,122.0,126.0,108.0,113.0,17103
2024-06-20,135.0,137.0,115.0,128.0,29338
2024-06-21,130.0,137.0,128.0,135.0,8557
2024-06-24,119.0,131.0,117.0,131.0,9361
2024-06-25,125.0,130.0,120.0,120.0,4825
2024-06-26,113.0,125.0,112.0,125.0,21166
2024-06-27,69.0,72.0,60.0,62.0,84575
2024-06-28,70.0,72.0,66.0,71.0,15567
2024-07-01,73.0,75.0,67.0,71.0,99170
2024-07-02,74.0,75.0,68.0,73.0,25701
2024-07-03,89.0,90.0,70.0,74.0,45175
2024-07-05,80.0,95.0,79.0,89.0,31952
2024-07-08,71.0,84.0,70.0,83.0,45142
2024-07-09,60.0,63.0,58.0,60.0,42855
2024-07-10,62.0,63.0,60.0,61.0,32589
2024-07-11,61.0,64.0,60.0,63.0,14336
2024-07-12,60.0,64.0,60.0,61.0,13396
2024-07-15,60.0,62.0,59.0,62.0,11467
2024-07-16,61.0,61.0,59.0,61.0,8134
2024-07-17,60.0,61.0,59.0,61.0,18943
2024-07-18,57.0,61.0,56.0,60.0,20402
2024-07-19,56.0,59.0,56.0,57.0,14488
2024-07-22,56.0,59.0,54.0,58.0,20656
2024-07-23,57.0,57.0,54.0,56.0,11295
2024-07-24,53.0,61.0,52.0,60.0,116475
2024-07-25,58.0,60.0,46.0,56.0,112793
2024-07-26,55.0,57.0,54.0,55.0,18814
2024-07-29,57.0,58.0,53.0,55.0,20176
2024-07-30,57.0,58.0,55.0,57.0,11860
2024-07-31,50.0,54.0,50.0,53.0,21584
2024-08-01,51.0,55.0,50.0,52.0,17061
2024-08-02,48.0,52.0,48.0,52.0,12199
2024-08-05,45.0,47.0,42.0,47.0,10192
2024-08-06,46.0,49.0,45.0,46.0,7725
2024-08-07,46.0,49.0,45.0,48.0,6699
2024-08-08,48.0,51.0,46.0,47.0,8488
2024-08-09,48.0,50.0,46.0,47.0,6320
2024-08-12,51.0,52.0,48.0,49.0,8520
2024-08-13,49.0,52.0,48.0,52.0,7686
2024-08-14,50.0,51.0,47.0,50.0,48988
2024-08-15,46.0,50.0,44.0,49.0,30700
2024-08-16,45.0,55.0,40.0,47.0,785859
2024-08-19,45.0,85.0,42.0,60.0,2904660
2024-08-20,38.0,49.0,37.0,46.0,415763
2024-08-21,36.0,38.0,33.0,34.0,404304
2024-08-22,33.0,38.0,33.0,38.0,300449
2024-08-23,34.0,37.0,34.0,35.0,393972
2024-08-26,37.0,46.0,37.0,44.0,1326065
2024-08-27,36.0,39.0,36.0,39.0,400960
2024-08-28,30.0,35.0,29.0,35.0,401744
2024-08-29,26.0,31.0,23.0,30.0,244689
2024-08-30,23.0,26.0,22.0,25.0,182397
2024-09-03,17.0,21.0,16.0,21.0,282055
2024-09-04,16.0,17.0,16.0,17.0,146017
2024-09-05,16.0,17.0,15.0,17.0,95213
2024-09-06,14.0,16.0,13.0,16.0,171599
2024-09-09,17.0,23.0,16.0,23.0,2294650
2024-09-10,16.0,17.0,15.0,17.0,253026
2024-09-11,15.0,16.0,14.0,15.0,169027
2024-09-12,16.0,17.0,15.0,15.0,199729
2024-09-13,16.0,16.0,15.0,16.0,144638
2024-09-16,15.0,16.0,15.0,16.0,126348
2024-09-17,15.0,15.0,14.0,15.0,119525
2024-09-18,15.0,15.0,14.0,15.0,90800
2024-09-19,15.0,17.0,15.0,16.0,280458
2024-09-20,15.0,15.0,14.0,15.0,102531
2024-09-23,13.0,14.0,13.0,14.0,173670
2024-09-24,13.0,14.0,13.0,14.0,98115
2024-09-25,13.0,13.0,13.0,13.0,92952
2024-09-26,14.0,14.0,13.0,14.0,59108
2024-09-27,15.0,21.0,14.0,18.0,2076161
2024-09-30,15.0,15.0,14.0,15.0,193417
2024-10-01,14.0,14.0,13.0,14.0,190353
2024-10-02,13.0,14.0,13.0,14.0,100280
2024-10-03,13.0,13.0,12.0,13.0,197803
2024-10-04,14.0,15.0,12.0,13.0,211153
2024-10-07,14.0,15.0,14.0,14.0,154708
2024-10-08,14.0,18.0,14.0,17.0,470552
2024-10-09,15.0,15.0,13.0,14.0,158760
2024-10-10,14.0,15.0,14.0,14.0,115358
2024-10-11,15.0,15.0,14.0,14.0,71204
2024-10-14,15.0,15.0,14.0,15.0,84886
2024-10-15,14.0,15.0,14.0,15.0,89372
2024-10-16,16.0,16.0,14.0,15.0,397950
2024-10-17,18.0,20.0,16.0,17.0,920992
2024-10-18,18.0,19.0,16.0,19.0,320065
2024-10-21,19.0,20.0,18.0,18.0,359749
2024-10-22,18.0,19.0,18.0,19.0,201367
2024-10-23,17.0,18.0,16.0,18.0,151591
2024-10-24,16.0,17.0,16.0,17.0,121484
2024-10-25,17.0,17.0,16.0,16.0,105199
2024-10-28,18.0,18.0,17.0,17.0,162291
2024-10-29,17.0,18.0,16.0,17.0,118413
2024-10-30,15.0,18.0,15.0,17.0,145650
2024-10-31,15.0,16.0,14.0,15.0,145836
2024-11-01,14.0,15.0,14.0,15.0,124998
2024-11-04,14.0,15.0,14.0,15.0,146090
2024-11-05,14.0,14.0,14.0,14.0,117468
2024-11-06,14.0,14.0,13.0,14.0,101357
2024-11-07,14.0,15.0,14.0,14.0,95984
2024-11-08,14.0,14.0,13.0,14.0,68907
2024-11-11,14.0,15.0,14.0,15.0,75959
2024-11-12,14.0,15.0,14.0,14.0,164654
2024-11-13,14.0,15.0,14.0,15.0,144944
2024-11-14,14.0,14.0,14.0,14.0,115544
2024-11-15,13.0,14.0,13.0,14.0,105092
2024-11-18,13.0,13.0,13.0,13.0,86775
2024-11-19,16.0,16.0,13.0,13.0,938170
2024-11-20,19.0,28.0,18.0,26.0,6626768
2024-11-21,20.0,21.0,17.0,17.0,765164
2024-11-22,19.0,21.0,19.0,20.0,299968
2024-11-25,19.0,21.0,19.0,19.0,468494
2024-11-26,19.0,20.0,18.0,19.0,239536
2024-11-27,19.0,20.0,18.0,19.0,215194
2024-11-29,19.0,21.0,19.0,19.0,289992
2024-12-02,19.0,20.0,18.0,19.0,312444
2024-12-03,19.0,20.0,18.0,19.0,271489
2024-12-04,17.0,19.0,17.0,19.0,228798
2024-12-05,17.0,18.0,16.0,18.0,220809
2024-12-06,18.0,18.0,17.0,17.0,209952
2024-12-09,19.0,20.0,19.0,19.0,325007
2024-12-10,20.0,21.0,18.0,19.0,368571
2024-12-11,20.0,21.0,19.0,20.0,228528
2024-12-12,23.0,26.0,21.0,22.0,1097501
2024-12-13,24.0,25.0,22.0,24.0,511084
2024-12-16,53.0,56.0,28.0,30.0,11965943
2024-12-17,33.0,130.0,32.0,127.0,10183233
2024-12-18,36.0,44.0,35.0,41.0,3179556
2024-12-19,57.0,72.0,32.0,36.0,7251726
2024-12-20,61.0,70.0,53.0,56.0,2932219
2024-12-23,40.0,53.0,40.0,50.0,1953598
2024-12-24,39.0,43.0,37.0,41.0,782511
2024-12-26,37.0,39.0,35.0,38.0,776989
2024-12-27,34.0,35.0,31.0,35.0,758454
2024-12-30,36.0,43.0,31.0,34.0,1338383
2024-12-31,33.0,38.0,32.0,37.0,819126
